{"cameraMode":{"drawMode":0,"name":"Shaded","section":"Shading Mode"},"sceneLighting":false,"audioPlay":false,"sceneViewState":{"showFog":true,"showMaterialUpdate":false,"showSkybox":true,"showFlares":true,"showImageEffects":true,"showParticleSystems":true},"in2DMode":false,"pivot":{"x":0.25344914197921755,"y":0.7771304249763489,"z":-0.06938233971595764},"rotation":{"x":-0.04984240606427193,"y":0.9489766955375671,"z":-0.24313242733478547,"w":-0.1945398598909378},"size":4.9186482429504398,"orthographic":false}