{"cameraMode":{"drawMode":0,"name":"Shaded","section":"Shading Mode"},"sceneLighting":false,"audioPlay":false,"sceneViewState":{"showFog":true,"showMaterialUpdate":false,"showSkybox":true,"showFlares":true,"showImageEffects":true,"showParticleSystems":true},"in2DMode":false,"pivot":{"x":-0.32796454429626467,"y":0.2012413740158081,"z":-0.06020402908325195},"rotation":{"x":-0.04984240606427193,"y":0.9489766955375671,"z":-0.24313242733478547,"w":-0.1945398598909378},"size":3.706275701522827,"orthographic":false}